[
  {
    "platform": "linkedin",
    "content": "Day 1 of Nordic Circular Summit 2025 in Nuuk delivered a powerful reframing: \"Trust is the infrastructure of Greenland.\" \n\nIn regions with sparse populations and limited physical infrastructure, social capital enables circular economy collaboration. When everyone knows everyone, reputation becomes currency. When supply chains depend on weather and ice, trust matters more than contracts.\n\nThis insight appeared across ocean industries, Arctic lifestyles, and circular cities—revealing that before physical infrastructure, before financial capital, we must build trust infrastructure.\n\n#CircularEconomy #NordicCircularSummit #Arctic #TrustAsInfrastructure",
    "hashtags": ["#CircularEconomy", "#NordicCircularSummit", "#Arctic", "#TrustAsInfrastructure"],
    "character_count": 589,
    "theme": "Trust as Infrastructure",
    "session_source": ["Session 1", "Session 2", "Session 5", "Closing"],
    "target_audience": "Business leaders, policymakers, regional development"
  },
  {
    "platform": "linkedin",
    "content": "\"We cannot mine our way out of this dependency. But we need both mining and circularity—circularity must define the long-term path.\" — Mika Sulkinoja, Sitra\n\nThe Nordic Circular Summit revealed a structural economic shift: circularity is no longer an environmental agenda. It's now a matter of competitiveness and security.\n\nWhen Luca De Lorenzo of Nordic Investment Bank explained that \"the value of resilience has increased—and we can put a dollar sign to it,\" he articulated why circular business models that seemed uneconomical suddenly make financial sense.\n\nThis shift is structural and permanent. Supply chain resilience now has quantifiable economic value.\n\n#CircularEconomy #SupplyChainResilience #NordicInnovation #Sustainability",
    "hashtags": ["#CircularEconomy", "#SupplyChainResilience", "#NordicInnovation", "#Sustainability"],
    "character_count": 701,
    "theme": "Economic Resilience Through Circularity",
    "session_source": ["Session 3"],
    "target_audience": "Investors, CFOs, business strategists"
  },
  {
    "platform": "twitter",
    "content": "Atlantic cod: $12 → $5,000 per fish through 100% utilization.\n\nIceland went from 45% to 90%+ fish utilization by using heads, skins, bones, guts, blood for food, textiles, cosmetics, biotech.\n\nThis is the economic case for circular economy. Not sustainability theater—real value creation.\n\n#CircularEconomy #100PercentFish",
    "hashtags": ["#CircularEconomy", "#100PercentFish"],
    "character_count": 353,
    "theme": "100% Utilization Value Creation",
    "session_source": ["Session 2"],
    "target_audience": "Business leaders, entrepreneurs"
  },
  {
    "platform": "linkedin",
    "content": "\"In Greenland, circularity isn't a trend, it's a tradition and it's the foundation.\"\n\nDay 1 at Nordic Circular Summit revealed what Western economies are struggling to relearn: traditional Arctic and Indigenous practices are sophisticated circular economy systems that sustained communities for millennia.\n\nKey insights:\n• Complete animal utilization (meat, skin, materials)\n• Quota limitations as sustainability features, not problems\n• Maker = repairer (relationship-based service)\n• Traditional knowledge trusted over lab testing\n• Cultural decolonization through material reclamation\n\nAs Kristian Ottesen said: \"We don't have to reinvent the wheel. We have to listen and learn from history and reinstate the practices.\"\n\n80% of world's biodiversity is in indigenous-stewarded lands. Their circular wisdom isn't romantic nostalgia—it's strategic asset for contemporary transition.\n\n#IndigenousKnowledge #CircularEconomy #ArcticWisdom #TraditionalKnowledge",
    "hashtags": ["#IndigenousKnowledge", "#CircularEconomy", "#ArcticWisdom", "#TraditionalKnowledge"],
    "character_count": 939,
    "theme": "Indigenous Knowledge & Circular Alignment",
    "session_source": ["Session 1", "Session 2", "Session 3", "Session 4"],
    "target_audience": "Sustainability professionals, policymakers, educators"
  },
  {
    "platform": "twitter",
    "content": "Greenland housing renovation: 50% cost of new construction.\n\nStrip to structural core, refurbish, massive CO2 reduction (concrete = largest emissions).\n\nRetrofit-first isn't environmental idealism—it's sound financial practice.\n\nLondon made it policy in 2020. Oslo proves economic case. Time to scale.\n\n#RetrofitFirst #CircularConstruction",
    "hashtags": ["#RetrofitFirst", "#CircularConstruction"],
    "character_count": 358,
    "theme": "Retrofit-First Economics",
    "session_source": ["Session 5"],
    "target_audience": "Construction sector, real estate developers, urban planners"
  },
  {
    "platform": "linkedin",
    "content": "\"Quality of life. That is why we're doing circular economy, isn't it?\" — Marthe Haugland, Nordic Innovation\n\nAfter 5.5 hours of Day 1 sessions spanning ocean industries, material security, lifestyles, and cities, this simple statement cut through technical complexity to remember the human purpose.\n\nCircular economy isn't fundamentally about material flows, business models, or carbon metrics. It's about creating conditions for human and ecological flourishing.\n\nWhen 30-year-old Mayor Malene Vahl Rasmussen improves kindergarten food in South Greenland, success isn't measured by carbon reduction—it's measured by children's health, local employment, and cultural connection.\n\nQuality of life includes:\n• Physical health and nutritious food\n• Meaningful work and economic security\n• Strong communities and social connections\n• Cultural vitality and identity preservation\n• Clean environment and ecological health\n• Opportunity for future generations\n\nLet's keep this as our north star.\n\n#QualityOfLife #CircularEconomy #Sustainability #Purpose",
    "hashtags": ["#QualityOfLife", "#CircularEconomy", "#Sustainability", "#Purpose"],
    "character_count": 1038,
    "theme": "Quality of Life as Purpose",
    "session_source": ["Closing"],
    "target_audience": "All stakeholders, general audience"
  },
  {
    "platform": "twitter",
    "content": "\"Invite us into the room, support us on the streets, and don't jail us.\" — Keira Dignan, youth leader\n\nYouth at Nordic Circular Summit demanding system-level change, not just consumer choices.\n\n18 youth organizations across Nordic-Baltic. Inside advisory boards AND outside direct action.\n\nFuture depends on decisions made today. Include them.\n\n#YouthVoice #ClimateAction",
    "hashtags": ["#YouthVoice", "#ClimateAction"],
    "character_count": 388,
    "theme": "Youth Inclusion & System Change",
    "session_source": ["Session 1"],
    "target_audience": "Policymakers, educators, youth organizations"
  },
  {
    "platform": "linkedin",
    "content": "Europe's remanufacturing market: €31B → €100B by 2030, creating 500,000 jobs.\n\nThe insight from Nordic Circular Summit: recycling is the LAST loop. The strongest economic and social benefits come from the INNER loops—repair, reuse, refurbishment, remanufacturing.\n\nThis challenges the common misconception that circular economy = recycling.\n\nKey policy driver: EU's ESPR (Ecodesign for Sustainable Products Regulation) mandates durability and repairability. Digital Product Passports make material journeys visible.\n\nNordic countries leading: reused products set to zero in LCA calculations to incentivize keeping materials in use.\n\nProduct longevity = economic opportunity = reduced material dependency = job creation.\n\nThe math works. Now we implement.\n\n#Remanufacturing #CircularEconomy #InnerLoops #ESPR #DigitalProductPassport",
    "hashtags": ["#Remanufacturing", "#CircularEconomy", "#InnerLoops", "#ESPR", "#DigitalProductPassport"],
    "character_count": 828,
    "theme": "Inner Loops & Product Longevity",
    "session_source": ["Session 3", "Session 4", "Session 5"],
    "target_audience": "Manufacturing sector, policymakers, investors"
  },
  {
    "platform": "twitter",
    "content": "Royal Greenland transformation:\n\nShrimp meal factory: -800K DKK/year → profitable\n\nSecret? Cultural buy-in + partnerships + chitosan production.\n\n\"It's very important that factories and people who work with this daily take ownership. Can't push projects over people's heads.\"\n\nCircular economy is culture change, not just tech.\n\n#CircularEconomy #RoyalGreenland",
    "hashtags": ["#CircularEconomy", "#RoyalGreenland"],
    "character_count": 379,
    "theme": "Corporate Circular Transformation",
    "session_source": ["Session 2"],
    "target_audience": "Corporate leaders, operations managers"
  },
  {
    "platform": "linkedin",
    "content": "\"The real thing is on the coast. So I hope you'll visit.\" — Malene Vahl Rasmussen, Greenland's youngest mayor (30)\n\nDay 1 closing session revealed municipal circular economy in action:\n\n🍽️ Local food procurement (kindergartens, elder homes)\n🌱 Kindergarten gardens for food education\n🤝 Partnerships with hunters, fishermen, farmers\n👥 Youth inclusion agreements (Negusa)\n⚒️ Mining negotiations for community benefits\n💚 Value retention: \"Being poor makes us think different\"\n\nThe invitation to \"visit the coast\" wasn't tourism promotion—it was an assertion that rural communities hold circular economy knowledge that capital cities cannot teach.\n\nKommune Kujalleq (South Greenland) demonstrates: economic constraints → circular innovation.\n\nSmall scale enables:\n✓ Rapid feedback\n✓ Clear attribution\n✓ Measurable community impact\n✓ Fast iteration\n\nCircular economy isn't somewhere else, sometime later. It's happening now in South Greenland, in settlements with 50 people, in coastal communities.\n\nTime to learn from those who never abandoned circular thinking.\n\n#MunicipalCircularEconomy #Greenland #LocalFirst #PlaceBased",
    "hashtags": ["#MunicipalCircularEconomy", "#Greenland", "#LocalFirst", "#PlaceBased"],
    "character_count": 1149,
    "theme": "Municipal Circular Implementation",
    "session_source": ["Closing"],
    "target_audience": "Municipal leaders, regional development officials"
  },
  {
    "platform": "twitter",
    "content": "Side streams = superfood.\n\nCompared to fish fillets:\n• 20x more calcium\n• 10x more zinc\n• 5x more collagen\n• 2x more iron\n\n15% of global seafood wasted at processing. 23M metric tons/year.\n\nHylia Nordic proves: waste → 8 retail products.\n\nCircular economy = better nutrition + business opportunity.\n\n#CircularOcean #Seafood",
    "hashtags": ["#CircularOcean", "#Seafood"],
    "character_count": 336,
    "theme": "Side Streams as Superfood",
    "session_source": ["Session 2"],
    "target_audience": "Food industry, health/nutrition sector"
  },
  {
    "platform": "linkedin",
    "content": "Cathrine Barth's bold proposal at Nordic Circular Summit: establish ArcCirc—an Arctic Circular Economy Resource Centre.\n\nModeled on EU CERC, this would ensure 4 million Arctic residents are active partners (not passive recipients) in circular transition.\n\nWhy it matters:\n\n1. Arctic population = 0.00068% of world (Greenland alone)\n2. Risk of \"linear lock-in\" while rest of world transitions\n3. Arctic experiences climate change at 2x global rate\n4. 80% of world's biodiversity in indigenous lands\n5. Arctic holds critical minerals for green transition\n\nProposed functions:\n📋 Policy lab (Arctic-adapted frameworks)\n💼 Business lab (Arctic circular enterprises)\n🧠 Knowledge lab (peer learning, traditional wisdom)\n\nKey insight from Anders Ladefoged: EU programs, however well-intentioned, are \"extremely complicated to apply and report\" for small Arctic entities.\n\nArcCirc would simplify, adapt, and empower.\n\nViewed as \"4 million person nation,\" Arctic deserves coordinated circular support. Not as marginal region, but as significant entity with essential knowledge for planetary transition.\n\nThe proposal: Arctic solidarity through institutional mechanism.\n\nThe question: who will champion this into reality?\n\n#Arctic #CircularEconomy #ArcCirc #ArcticSolidarity #IndigenousRights",
    "hashtags": ["#Arctic", "#CircularEconomy", "#ArcCirc", "#ArcticSolidarity", "#IndigenousRights"],
    "character_count": 1254,
    "theme": "ArcCirc Proposal - Arctic Solidarity",
    "session_source": ["Session 3"],
    "target_audience": "Policymakers, Arctic stakeholders, international development"
  },
  {
    "platform": "twitter",
    "content": "\"Perhaps we've moved a little bit into implementation.\" — Marthe Haugland\n\nAfter years of planning, Nordic circular economy is shifting to action:\n\n✅ Royal Greenland: loss → profit\n✅ Hylia: 8 products in retail\n✅ Riga: EU good practice database\n✅ Grevilliot: sold out consistently\n\nAction > planning.\n\n#Implementation #CircularEconomy",
    "hashtags": ["#Implementation", "#CircularEconomy"],
    "character_count": 361,
    "theme": "Implementation Over Planning",
    "session_source": ["Closing"],
    "target_audience": "Practitioners, funders, implementers"
  },
  {
    "platform": "linkedin",
    "content": "Digital Product Passport: compliance burden or competitive advantage?\n\nNordic Circular Summit revealed: it's the latter—if you have transparent supply chains.\n\nKey insights from Gisle Mariani Mardal (NFTA) and Tilda Larsson (Ludwig Svensson):\n\n🎯 \"Not having control over your supply chain is expensive. Once you have control, it's easier to cost cut.\"\n\n🎯 \"When I discussed with other companies, they told me about supply chains with many steps. I was like, that's not the hard part for me—I can contact all departments here and receive information very easy and very quick.\"\n\nDPP mandatory for EU market access by 2030. First product groups by 2026.\n\nLocal manufacturing = competitive advantage:\n• Easy data procurement\n• Fast compliance\n• Quality control\n• Storytelling platform (encode cultural narratives in QR codes)\n\nGrevilliot potential: QR code containing story that scarf is \"a piece of history, culture, tradition—and a meal.\"\n\nTransparent supply chains will find DPP compliance easier than opaque ones.\n\nAs Frederik Thrane noted: \"It's easier for the good guys to do it.\"\n\nCompliance becomes advantage for companies already doing the right thing.\n\n#DigitalProductPassport #DPP #SupplyChainTransparency #CircularEconomy #ESPR",
    "hashtags": ["#DigitalProductPassport", "#DPP", "#SupplyChainTransparency", "#CircularEconomy", "#ESPR"],
    "character_count": 1234,
    "theme": "Digital Product Passport as Advantage",
    "session_source": ["Session 4"],
    "target_audience": "Manufacturing, textile industry, supply chain managers"
  },
  {
    "platform": "twitter",
    "content": "Denmark's Circular Furniture Network: 30 competing brands collaborating.\n\nPre-competitive frameworks = Nordic superpower.\n\n\"Competing businesses sit together and collaborate on challenges too big for individual companies.\"\n\nScalable repair systems renewed for 3 more years.\n\nCollaboration > competition.\n\n#CircularEconomy #PreCompetitive",
    "hashtags": ["#CircularEconomy", "#PreCompetitive"],
    "character_count": 355,
    "theme": "Pre-Competitive Collaboration",
    "session_source": ["Session 1"],
    "target_audience": "Business leaders, industry associations"
  },
  {
    "platform": "linkedin",
    "content": "Cesis bioregion (Latvia): the first in the Baltic states.\n\n4 municipalities. 13 institutions. 1 year to craft memorandum of goodwill. Every word agreed.\n\nNot an administrative unit—a voluntary agreement to manage local resources sustainably.\n\nKey learning from Deputy Mayor Inese Suija-Markova: \"We cannot excel in every area being all alone. By working together, small regions can achieve more than they could in isolation.\"\n\n8 priority areas:\n🥬 Healthy organic food access\n🚜 Short food supply chains\n🌳 Natural capital management\n♻️ Waste reduction\n⚡ Energy efficiency and renewables\n📚 Sustainability education\n🏞️ Nature-friendly tourism\n\nPractical implementations:\n✅ Transform school/kindergarten procurement to local organic\n✅ First organically certified school kitchen in Latvia (in progress)\n✅ Circular economy center at landfill (waste as resource)\n✅ Integration with LEADER funding (EU rural development)\n\nThis is what place-based circular economy looks like: strategic alliance based on shared values, memorandum crafted with patience, integrated with existing funding, focused on quality of life.\n\nSmall regions can lead. Rural areas have solutions cities need.\n\n#Bioregion #RuralDevelopment #CircularEconomy #Latvia #PlaceBased",
    "hashtags": ["#Bioregion", "#RuralDevelopment", "#CircularEconomy", "#Latvia", "#PlaceBased"],
    "character_count": 1273,
    "theme": "Bioregion Model - Place-Based Solutions",
    "session_source": ["Session 5"],
    "target_audience": "Regional governments, rural development, EU funding specialists"
  },
  {
    "platform": "twitter",
    "content": "\"We do have two ears and one mouth, so I really would like that we listen. While we share, we listen as well.\" — Lise Lotte, Qaanaaq\n\nWisdom from Greenland's northernmost village.\n\nCircular economy requires listening 2x more than speaking.\n\nNordics have tech/finance.\nArctic has wisdom/practice.\n\nBoth must listen.\n\n#Arctic #ListenFirst",
    "hashtags": ["#Arctic", "#ListenFirst"],
    "character_count": 355,
    "theme": "Listening & Humility",
    "session_source": ["Session 4"],
    "target_audience": "All stakeholders, especially external partners"
  },
  {
    "platform": "linkedin",
    "content": "\"Solutions lie between sectors, not within sectors.\" — Monika Poulsen, ACT Cluster\n\nNordic Circular Summit demonstrated the power of cluster ecosystems:\n\n🇮🇸 Iceland Ocean Cluster: 70+ companies in-house, sister network in 12 countries\n🇳🇴 ACT Cluster: 119 partners across process, mining, energy, seafood, manufacturing (8 years)\n🇩🇰 Danish Ocean Cluster: Port as industry developer, logistics as leverage\n\nCommon themes across all:\n\n⏰ Trust-building takes time (8 years for ACT)\n🤝 Connections matter more than ownership\n👥 Right people in right chairs (people deal with people)\n🔍 Scouting and partnership development\n📈 Long-term perspective required\n\nConcrete collaboration:\n• 100% Shrimp (Iceland-Greenland-Denmark-Norway)\n• Finnfjord metal + University of Tromsø → Arctic algae for aquaculture\n• X-ray bone detection + collagen extraction (pan-European)\n\nLinn Indrestrand's warning: \"If you stop sharing, you're putting a glass bulb over yourself—the beginning of dying out.\"\n\nClusters create connections. Map dots. Scout partners. Enable collaborations that individual companies can't build alone.\n\nAs Kristian Ottesen confirmed: \"Iceland Ocean Cluster said, 'Here are collaborative partners you should meet.' That's how 100% Shrimp developed.\"\n\nCross-sectoral innovation beats single-sector thinking every time.\n\n#Clusters #Collaboration #CrossSectoral #Innovation #CircularEconomy",
    "hashtags": ["#Clusters", "#Collaboration", "#CrossSectoral", "#Innovation", "#CircularEconomy"],
    "character_count": 1348,
    "theme": "Cluster Ecosystems as Enablers",
    "session_source": ["Session 2"],
    "target_audience": "Cluster managers, innovation agencies, regional development"
  },
  {
    "platform": "twitter",
    "content": "Greenland's national sustainability strategy: no mandatory legislation.\n\n\"We must succeed together. We should be able to do this together and agree.\"\n\nSmall industry. Strong community. High trust.\n\nCollective agreement > top-down mandates.\n\nTrust-based approach = Arctic advantage.\n\n#Greenland #TrustBased #CircularEconomy",
    "hashtags": ["#Greenland", "#TrustBased", "#CircularEconomy"],
    "character_count": 332,
    "theme": "Trust-Based Strategy (Greenland Model)",
    "session_source": ["Session 5"],
    "target_audience": "Policymakers, small nations, community-based organizations"
  },
  {
    "platform": "linkedin",
    "content": "Free Prior Informed Consent (FPIC) and the critical minerals scramble.\n\nPatrick Schroeder (Chatham House) and Keira Dignan brought uncomfortable truth to Nordic Circular Summit:\n\n📊 80% of world's biodiversity is in indigenous-stewarded lands\n⚠️ 20-30 years of inadequate FPIC application\n⛏️ Critical minerals often located in indigenous territories (Sápmi, Greenland)\n🏁 Risk of \"race to the bottom\" as US, China, Middle East companies ignore ESG\n\nThe question Schroeder posed: \"Can we maintain FPIC? Are we able to pay a higher price?\"\n\nHis answer: \"We have to. We need to do this despite the international pressure.\"\n\nLuca De Lorenzo added two principles:\n\n1️⃣ Value redistribution: \"If you do transition, there should be value creation. What's important is redistribution—not only to the corporate that goes there, but a good mechanism to redistribute that value.\"\n\n2️⃣ Mutual accountability: Both developers AND communities must understand bigger picture, embrace change while ensuring fairness.\n\nAnders Ladefoged reframed: \"This dialogue is not just an obligation, it should be seen as an opportunity. The decisions and solutions will be BETTER if they involve input from the people who actually live and work in the Arctic.\"\n\nEurope's choice: maintain high standards and pay higher price, or join the race to the bottom.\n\nThe circular economy cannot be built on extraction that violates indigenous rights.\n\nValues over expediency. Justice over speed.\n\n#FPIC #IndigenousRights #CriticalMinerals #CircularEconomy #EnvironmentalJustice",
    "hashtags": ["#FPIC", "#IndigenousRights", "#CriticalMinerals", "#CircularEconomy", "#EnvironmentalJustice"],
    "character_count": 1438,
    "theme": "Indigenous Rights & FPIC",
    "session_source": ["Session 3"],
    "target_audience": "Policymakers, mining companies, human rights organizations, investors"
  }
]
