[
  {
    "id": "s4-li-001",
    "platform": "linkedin",
    "session": "arctic-nordic-lifestyles",
    "date": "2025-11-19",
    "post_type": "session_summary",
    "title": "Circularity as Tradition: Session 4 Highlights",
    "content": "🏔️ Session 4 from Nordic Circular Summit in Nuuk, Greenland\n\n\"In Greenland, circularity isn't a trend, it's a tradition and it's the foundation.\"\n— Frederik Thrane, Lifestyle and Design Cluster, Denmark\n\nKey Takeaways from Arctic & Nordic Lifestyles:\n\n🧣 GREVILLIOT - QUOTA AS SUSTAINABILITY DRIVER\nMia Chemnitz: \"We are always limited by quotas. We are sold out all the time.\"\n\n• Complete traceability: \"I can tell you who made every product\"\n• From wild musk ox → hunter → hide → yarn → garment (all local)\n• Only 1 external step: spinning (no facilities in Greenland)\n• Repair built-in: \"The maker is probably the best in the world to repair it\"\n\n🐟 ROYAL GREENLAND - REINTRODUCING THE FORGOTTEN\nKristian Ottesen: \"We don't have to reinvent the wheel. We have to listen and learn from the history.\"\n\n• 38 outposts throughout Greenland\n• Sole employer in smallest settlements\n• Industrialization = forgetting circular practices\n• Now: reintroducing pre-industrial wisdom\n\n📱 DIGITAL PRODUCT PASSPORT\nGisle Mariani Mardal (NFTA, Norway): \"Not having control is expensive. Once you have control, it's easier to cost cut.\"\n\nTilda Larsson (Ludwig Svensson, 137-year-old Swedish manufacturer): \"I can receive information very easy and very quick because we have production in-house.\"\n\n🌍 THE CULTURAL SHIFT\nLise Lotte: \"Nothing or less waste is possible when knowledge + materials + community are interconnected.\"\n\nNordic societies = individualistic\nGreenlandic society = collectivistic\n\n\"We have two ears and one mouth, so we should listen while we share.\"\n\n#CircularEconomy #ArcticWisdom #InuitTraditions #DigitalProductPassport #SustainableFashion #Greenland #NordicCircularSummit",
    "hashtags": ["#CircularEconomy", "#ArcticWisdom", "#InuitTraditions", "#DigitalProductPassport", "#SustainableFashion", "#Greenland", "#NordicCircularSummit"],
    "theme": "Session Summary",
    "character_count": 1586,
    "media_suggestion": "Carousel with 5 slides: session title, Grevilliot story, Royal Greenland story, DPP explanation, cultural wisdom",
    "call_to_action": "Engagement",
    "language": "english"
  },
  {
    "id": "s4-li-002",
    "platform": "linkedin",
    "session": "arctic-nordic-lifestyles",
    "date": "2025-11-19",
    "post_type": "quote_card",
    "title": "The Scarf That's More Than a Scarf",
    "content": "💬 \"Your scarf is not just a scarf.\n\nIt's a bit of a history, a culture, and tradition.\n\nAnd a meal.\"\n\n— Lise Lotte, Co-moderator from Qaanaaq, North Greenland\n\nThis perfectly captures what we learned at #NordicCircularSummit Session 4.\n\nGrevilliot's musk ox wool scarves:\n\n1️⃣ Wild animal hunted for MEAT (primary purpose)\n2️⃣ Hide purchased from local hunter\n3️⃣ Wool taken from hide\n4️⃣ Shipped for spinning (only external step)\n5️⃣ Returned as yarn to Greenland\n6️⃣ Knitted by known local artisans\n7️⃣ Sold with complete story\n\n\"I can tell you who made every product in our store.\" — Mia Chemnitz, Grevilliot\n\nThis is what complete traceability looks like.\nThis is what community-embedded production looks like.\nThis is what \"waste as foundation\" looks like.\n\nWe hunt for the meat. And then we wear the rest.\n\nIn Greenland, circularity isn't a trend—it's how you survive the Arctic for millennia.\n\nWhat if we stopped trying to invent circular economy and started listening to those who never abandoned it?\n\n#CircularEconomy #TraditionalKnowledge #Traceability #SustainableFashion #Greenland #InuitWisdom",
    "hashtags": ["#CircularEconomy", "#TraditionalKnowledge", "#Traceability", "#SustainableFashion", "#Greenland", "#InuitWisdom"],
    "speaker": "Lise Lotte & Mia Chemnitz",
    "theme": "Complete Traceability",
    "character_count": 1105,
    "media_suggestion": "Quote card with scarf image and Lise Lotte's quote",
    "call_to_action": "Reflect",
    "language": "english"
  },
  {
    "id": "s4-li-003",
    "platform": "linkedin",
    "session": "arctic-nordic-lifestyles",
    "date": "2025-11-19",
    "post_type": "thought_leadership",
    "title": "Traditional Knowledge vs. Academic Proof",
    "content": "❓ How do you measure the performance of seal skin?\n\nWater pressure resistance? ❌\nBreathability ratings? ❌\nInsulation values? ❌\nLaboratory tests? ❌\n\n\"I don't know that there has been any tests.\"\n— Mia Chemnitz, Grevilliot, Greenland\n\nBut when asked what she'd wear on the ice cap or dog sled:\n\n✅ \"I trust the seal skin more than anything that's been tested a lot. I know what I'm going to be wearing.\"\n\nThis is the epistemological challenge of circular economy.\n\nWestern industrial model demands:\n📊 Quantifiable metrics\n🔬 Laboratory testing\n📄 Peer-reviewed research\n🏆 Standardized certifications\n\nTraditional knowledge offers:\n⏳ Millennia of lived experience\n🏔️ Survival as proof of efficacy\n👥 Cultural transmission of expertise\n🌍 Place-based adaptation\n\nThe question isn't whether seal skin performs well.\n\nInuit survival across thousands of years proves it does.\n\nThe question is: **Can we value knowledge systems that don't produce the documentation our systems demand?**\n\n\"Even the knowledge that might not be academically proven yet, but that has a couple of millennia to prove the value of the outcomes.\" — Frederik Thrane\n\nCircular economy won't succeed by only valuing what we can measure in labs.\n\nIt will succeed when we expand what counts as valid evidence.\n\n#TraditionalKnowledge #CircularEconomy #InuitWisdom #Sustainability #EpistemicJustice #Arctic #Innovation",
    "hashtags": ["#TraditionalKnowledge", "#CircularEconomy", "#InuitWisdom", "#Sustainability", "#EpistemicJustice", "#Arctic", "#Innovation"],
    "speaker": "Mia Chemnitz & Frederik Thrane",
    "theme": "Traditional vs. Academic Knowledge",
    "character_count": 1402,
    "media_suggestion": "Split image: laboratory vs. Arctic environment",
    "call_to_action": "Reflect & discuss",
    "language": "english"
  },
  {
    "id": "s4-tw-001",
    "platform": "twitter",
    "session": "arctic-nordic-lifestyles",
    "date": "2025-11-19",
    "post_type": "quote",
    "title": "Circularity as Tradition",
    "content": "\"In Greenland, circularity isn't a trend, it's a tradition and it's the foundation.\"\n\n— Frederik Thrane at #NordicCircularSummit\n\nMaybe we don't need to invent circular economy.\nMaybe we need to listen to those who never abandoned it.\n\n#ArcticWisdom #CircularEconomy",
    "hashtags": ["#NordicCircularSummit", "#ArcticWisdom", "#CircularEconomy"],
    "speaker": "Frederik Thrane",
    "theme": "Core Message",
    "character_count": 277,
    "media_suggestion": "Quote card with Arctic landscape",
    "call_to_action": "Share",
    "language": "english"
  },
  {
    "id": "s4-tw-002",
    "platform": "twitter",
    "session": "arctic-nordic-lifestyles",
    "date": "2025-11-19",
    "post_type": "statistic",
    "title": "Quota Limitations",
    "content": "Grevilliot's business model:\n\n❌ Can't scale beyond quotas\n❌ No discount for volume\n❌ Sold out all the time\n\n✅ 100% local production\n✅ Complete traceability\n✅ Community pride\n✅ Sustainable by design\n\nScarcity isn't a bug. It's a feature.\n\n#CircularFashion",
    "hashtags": ["#CircularFashion"],
    "speaker": "Mia Chemnitz",
    "theme": "Quota as Feature",
    "character_count": 271,
    "media_suggestion": "Infographic showing constraint as advantage",
    "call_to_action": "Retweet",
    "language": "english"
  },
  {
    "id": "s4-tw-003",
    "platform": "twitter",
    "session": "arctic-nordic-lifestyles",
    "date": "2025-11-19",
    "post_type": "insight",
    "title": "The Maker is the Repairer",
    "content": "\"The person who made the garment is probably the best in the world to repair it. You just come back and they fix it.\"\n\n— Mia Chemnitz, Grevilliot\n\nWhat ESPR tries to mandate, local relationships make natural.\n\n#RightToRepair #CircularEconomy",
    "hashtags": ["#RightToRepair", "#CircularEconomy"],
    "speaker": "Mia Chemnitz",
    "theme": "Repair Practices",
    "character_count": 274,
    "media_suggestion": "Image of artisan repairing garment",
    "call_to_action": "Like & share",
    "language": "english"
  },
  {
    "id": "s4-ig-001",
    "platform": "instagram",
    "session": "arctic-nordic-lifestyles",
    "date": "2025-11-19",
    "post_type": "infographic",
    "title": "Cultural Decolonization Through Materials",
    "content": "✊ TAKING IT BACK ✊\n\n\"15 years ago, we were all wearing Canada Goose jackets. But part of what we're trying to do is take these amazing materials that we have here and make them fashionable again.\"\n\n— Mia Chemnitz, Grevilliot, Greenland 🇬🇱\n\nTHE DECOLONIZATION MOVEMENT:\n\n🪡 Taking back our TATTOOS\n💎 Taking back our EARRINGS\n🧥 Taking back our ANORAK\n🦌 Taking back our MATERIALS\n🎵 Taking back our CULTURE\n🎶 Taking back our MUSIC\n\n...EVERYTHING.\n\nFor decades:\n❌ Traditional materials = \"primitive\"\n❌ Industrial materials = \"progress\"\n❌ Cultural erasure\n❌ Dependency on imports\n\nNOW:\n✅ Traditional materials = more durable\n✅ Traditional materials = more repairable\n✅ Traditional materials = more sustainable\n✅ Traditional materials = locally sourced\n✅ Traditional materials = culturally meaningful\n\nIndigenous communities are reclaiming what was dismissed.\n\nNot as a return to the past—as a path to a sustainable future.\n\nProducts Greenlandic people are \"very proud of.\"\n\nCircular economy is discovering what Indigenous peoples never forgot.\n\nLearned at #NordicCircularSummit in Nuuk, Greenland.\n\n#CulturalDecolonization #IndigenousKnowledge #InuitWisdom #SustainableFashion #TraditionalKnowledge #Greenland #CircularEconomy #Nuuk #ArcticWisdom #LocalMaterials #Grevilliot",
    "hashtags": ["#CulturalDecolonization", "#IndigenousKnowledge", "#InuitWisdom", "#SustainableFashion", "#TraditionalKnowledge", "#Greenland", "#CircularEconomy", "#Nuuk", "#ArcticWisdom", "#LocalMaterials", "#Grevilliot"],
    "speaker": "Mia Chemnitz",
    "theme": "Cultural Decolonization",
    "character_count": 1198,
    "media_suggestion": "Carousel showing traditional Greenlandic materials and garments",
    "call_to_action": "Save & share",
    "language": "english"
  },
  {
    "id": "s4-ig-002",
    "platform": "instagram",
    "session": "arctic-nordic-lifestyles",
    "date": "2025-11-19",
    "post_type": "educational",
    "title": "Digital Product Passport Explained",
    "content": "📱 DIGITAL PRODUCT PASSPORT 📱\nWhat is it and why should you care?\n\n🔍 WHAT:\n\"A way of connecting a physical product to the digital grid. The easiest way to explain it is a QR code connected to the product.\"\n— Gisle Mariani Mardal, NFTA, Norway\n\nThink: Restaurant menu during pandemic, but for your clothes.\n\n📋 WHAT IT CONTAINS:\n• Production information\n• Working conditions\n• How to repair it\n• Resale connections\n• Material composition\n• End-of-life handling\n\n⏰ WHEN:\nMandatory for EU market access by 2030\n\n💰 WHY IT MATTERS:\n\"Not having control is expensive. Once you have control, it's easier to cost cut.\"\n— Gisle Mariani Mardal\n\nPlus: Extended Producer Responsibility fees easier to manage when you can track products.\n\n🏭 WHO HAS ADVANTAGE:\nLocal manufacturers like Ludwig Svensson (Sweden, founded 1887):\n\n\"When I discussed with other companies about their supply chains, they told me how many steps they need to go back to get information. I can contact all the departments here and receive information very easy and very quick.\"\n— Tilda Larsson, Product Development Engineer\n\n✅ THE BOTTOM LINE:\n• Compliance = market access\n• Transparent supply chains = easier compliance\n• Opaque supply chains = expensive, difficult\n• Local production = competitive advantage\n• Control = cost savings\n\n🌱 THE VISION:\n\"It should not be hard to be sustainable. It should be easy to do right.\"\n— Tilda Larsson\n\nLearn more at #NordicCircularSummit\n\n#DigitalProductPassport #DPP #ESPR #SustainableFashion #Transparency #CircularEconomy #LocalProduction #SupplyChain #Traceability #EU #Sustainability #TextileInnovation",
    "hashtags": ["#DigitalProductPassport", "#DPP", "#ESPR", "#SustainableFashion", "#Transparency", "#CircularEconomy", "#LocalProduction", "#SupplyChain", "#Traceability", "#EU", "#Sustainability", "#TextileInnovation"],
    "speaker": "Gisle Mariani Mardal & Tilda Larsson",
    "theme": "Digital Product Passport",
    "character_count": 1568,
    "media_suggestion": "Infographic showing DPP concept with QR code visual",
    "call_to_action": "Save for later",
    "language": "english"
  },
  {
    "id": "s4-fb-001",
    "platform": "facebook",
    "session": "arctic-nordic-lifestyles",
    "date": "2025-11-19",
    "post_type": "event_recap",
    "title": "Arctic & Nordic Lifestyles - Session 4 Recap",
    "content": "🏔️ ARCTIC & NORDIC LIFESTYLES - Session 4 Recap from Nuuk, Greenland! 🇬🇱\n\nWhat happens when you bring together Greenlandic entrepreneurs, a 300-year-old seafood company, Norwegian textile experts, and Swedish manufacturers to discuss circular economy?\n\nYou discover that circularity isn't something to invent—it's something to remember. 💡\n\nTOP MOMENTS:\n\n🧣 MIA CHEMNITZ (Grevilliot, Greenland)\n\"We hunt for the meat. And then we wear the rest.\"\n\nMia's company makes garments from musk ox wool and sealskin. Complete local production. Every product traceable to the hunter. Limited by sustainable quotas (sold out all the time). The maker is the best repairer. No academic tests for sealskin performance, but millennia of Inuit survival prove it works.\n\nCultural decolonization in action: \"We are taking back our materials, culture, music—everything.\"\n\n🐟 KRISTIAN OTTESEN (Royal Greenland)\n\"We don't have to reinvent the wheel. We have to listen and learn from the history.\"\n\nA Dane who moved to Greenland to reintroduce circular practices that were abandoned during industrialization. 38 outposts throughout Greenland, sole employer in smallest settlements. \"Waste not, have not, want not\" is culturally embedded.\n\n📱 GISLE MARIANI MARDAL (NFTA, Norway)\n\"Not having control over your supply chain is expensive. Once you have control, it's easier to cost cut.\"\n\nExplained Digital Product Passports (DPP): QR codes connecting products to complete supply chain data. Mandatory for EU market by 2030. Transparent supply chains = easier compliance. Makes sustainability easy, not hard.\n\n🇸🇪 TILDA LARSSON (Ludwig Svensson, Sweden, founded 1887)\n\"I can receive information very easy and very quick because we have production in-house.\"\n\n137-year-old textile manufacturer with full production line in Sweden. Shows how local manufacturing makes DPP implementation simple compared to complex global supply chains.\n\n🌍 LISE LOTTE (Independent Consultant, from Qaanaaq, North Greenland)\n\"Nothing or less waste is possible when knowledge + materials + community are interconnected.\"\n\n\"We have two ears and one mouth, so we should listen while we share.\"\n\nBorn in Greenland's northernmost village, Lise Lotte highlighted the cultural divide: Nordic societies are individualistic, Greenlandic society is collectivistic. Circular economy requires collectivist values—sharing, collaboration, community benefit.\n\nKEY LESSONS:\n\n✅ Circularity in Greenland = tradition, not trend\n✅ Quota limitations = sustainability by design\n✅ Complete traceability builds trust and value\n✅ The maker = the best repairer\n✅ Traditional knowledge ≥ academic proof\n✅ Cultural decolonization = circular economy\n✅ DPP = competitive advantage for transparent companies\n✅ Local production = easier DPP compliance\n✅ Collectivism > individualism for circularity\n✅ Listen while you share (two ears, one mouth)\n\nTHE BIG PICTURE:\n\n\"Your scarf is not just a scarf. It's a bit of a history, a culture, and tradition. And a meal.\" — Lise Lotte\n\nWhen products embody history, culture, tradition, and sustenance, they can't be thrown away. They have too much meaning.\n\nCircular economy isn't about inventing new systems. It's about learning from those who never abandoned circular principles.\n\nThank you to everyone in Nuuk and online! 🙏\n\nFull transcript, article, and key quotes available at nordiccircularsummit.com/transcripts\n\n#CircularEconomy #ArcticWisdom #InuitTraditions #Greenland #NordicCircularSummit #Nuuk #SustainableFashion #DigitalProductPassport #TraditionalKnowledge #CulturalDecolonization #LocalProduction",
    "hashtags": ["#CircularEconomy", "#ArcticWisdom", "#InuitTraditions", "#Greenland", "#NordicCircularSummit", "#Nuuk", "#SustainableFashion", "#DigitalProductPassport", "#TraditionalKnowledge", "#CulturalDecolonization", "#LocalProduction"],
    "theme": "Event Recap",
    "character_count": 3235,
    "media_suggestion": "Photo album from session with all speakers",
    "call_to_action": "Download resources",
    "language": "english"
  },
  {
    "id": "s4-li-004",
    "platform": "linkedin",
    "session": "arctic-nordic-lifestyles",
    "date": "2025-11-19",
    "post_type": "insight",
    "title": "Collectivism vs. Individualism in Circular Economy",
    "content": "🔄 Why does circular economy struggle in the Nordics?\n\nHere's a cultural insight from Lise Lotte at #NordicCircularSummit:\n\n**\"Nordic societies are individualistic.\nGreenlandic society is collectivistic.\"**\n\nThis matters profoundly because circular economy fundamentally requires:\n\n🤝 Sharing resources\n♻️ Collaborative consumption\n👥 Collective ownership models\n📚 Knowledge sharing\n🌍 Community benefit over individual profit\n\nAll of these are **collectivist values**.\n\nIndividualistic societies struggle with them.\n\nAs Frederik Thrane noted:\n\"We, from a Nordic perspective, need to practice even more to be collectivistic, to share more, especially when it comes to knowledge, especially when it comes to enabling, connecting the dots that need to be connected.\"\n\nLise Lotte's closing wisdom:\n\n**\"We do have two ears and one mouth, so I really would like that we listen. While we share, we listen as well.\"**\n\nThe transition to circular economy is not primarily technical or economic.\n\nIt's cultural.\n\nThe Nordics have expertise to share:\n• Technology ✅\n• Finance ✅\n• Policy frameworks ✅\n• Market access ✅\n\nArctic and Indigenous communities have wisdom to share:\n• Traditional knowledge ✅\n• Place-based practices ✅\n• Collectivist values ✅\n• Circular thinking that was never broken ✅\n\nThe transition will only succeed if both sides **listen at least twice as much as they speak**.\n\nWhat cultural shifts does your organization need to embrace circular thinking?\n\n#CircularEconomy #OrganizationalCulture #IndigenousWisdom #Collectivism #SystemsChange #Sustainability #Leadership",
    "hashtags": ["#CircularEconomy", "#OrganizationalCulture", "#IndigenousWisdom", "#Collectivism", "#SystemsChange", "#Sustainability", "#Leadership"],
    "speaker": "Lise Lotte & Frederik Thrane",
    "theme": "Cultural Paradigm Shift",
    "character_count": 1590,
    "media_suggestion": "Infographic contrasting individualism vs. collectivism",
    "call_to_action": "Reflect & discuss",
    "language": "english"
  },
  {
    "id": "s4-li-005",
    "platform": "linkedin",
    "session": "arctic-nordic-lifestyles",
    "date": "2025-11-19",
    "post_type": "thought_leadership",
    "title": "Waste as Foundation: Inverting the Business Model",
    "content": "💡 Most companies create waste as a byproduct.\n\nGrevilliot built their business ON waste.\n\nHere's the inversion:\n\n🔴 CONVENTIONAL MODEL:\n1. Design product\n2. Source virgin materials\n3. Manufacture\n4. Sell\n5. Create waste\n6. Try to minimize waste (afterthought)\n\n🟢 GREVILLIOT MODEL:\n1. Hunters harvest seals for MEAT (primary purpose)\n2. Sealskin becomes available (\"waste product\")\n3. Grevilliot purchases hides from local hunters\n4. Transforms into premium garments\n5. Complete local production\n6. Zero waste from start\n\nMia Chemnitz explains:\n\n**\"We are basically a company founded on waste product, because we hunt for the meat. And then we wear the rest.\"**\n\n**\"Of course, we've never thought of seal skin as a waste product in Greenland. It's very evident, if you look back, that Inuit have survived in the Arctic because of the seal and also because of the seal skin.\"**\n\nHer challenge to global businesses:\n\n**\"I kind of want to challenge companies to start with, okay, we have this waste, let's look at it, and what can we do with it?\"**\n\nDon't minimize waste as an afterthought.\n**Build your business on the waste.**\n\nThis is the fundamental reframe circular economy requires.\n\nWhat the linear economy calls \"waste\" is the foundation.\n\nExamples across sectors:\n• Seafood: Royal Greenland transforming side streams into value (Session 2)\n• Fashion: Grevilliot using sealskin from meat harvesting\n• Agriculture: Breweries using spent grain for food products\n• Construction: Excess materials becoming new buildings\n\nThe question for your business:\n\nWhat \"waste\" are you sitting on that could be your next revenue stream?\n\nLearned at #NordicCircularSummit Session 4: Arctic & Nordic Lifestyles\n\n#CircularEconomy #BusinessModel #Innovation #Sustainability #WasteToValue #ZeroWaste #Greenland #InuitWisdom",
    "hashtags": ["#CircularEconomy", "#BusinessModel", "#Innovation", "#Sustainability", "#WasteToValue", "#ZeroWaste", "#Greenland", "#InuitWisdom"],
    "speaker": "Mia Chemnitz",
    "theme": "Business Model Inversion",
    "character_count": 1847,
    "media_suggestion": "Diagram showing conventional vs. Grevilliot model",
    "call_to_action": "Reflect on your waste streams",
    "language": "english"
  },
  {
    "id": "s4-tw-004",
    "platform": "twitter",
    "session": "arctic-nordic-lifestyles",
    "date": "2025-11-19",
    "post_type": "call_to_action",
    "title": "Two Ears, One Mouth",
    "content": "\"We do have two ears and one mouth, so I really would like that we listen. While we share, we listen as well.\"\n\n— Lise Lotte, Qaanaaq, North Greenland\n\nCircular economy's most important skill:\n\nListening. 👂👂\n\n#ArcticWisdom #CircularEconomy",
    "hashtags": ["#ArcticWisdom", "#CircularEconomy"],
    "speaker": "Lise Lotte",
    "theme": "Listening & Learning",
    "character_count": 267,
    "media_suggestion": "Quote card with Lise Lotte",
    "call_to_action": "Reflect",
    "language": "english"
  },
  {
    "id": "s4-ig-003",
    "platform": "instagram",
    "session": "arctic-nordic-lifestyles",
    "date": "2025-11-19",
    "post_type": "storytelling",
    "title": "The Journey of a Scarf",
    "content": "🧣 THE JOURNEY OF A SCARF 🧣\n\nFrom Frederik Thrane's question:\n\"Where did my scarf start?\"\n\nTo Mia Chemnitz's answer:\n\n📍 STEP 1: MOUNTAIN\nWild musk ox on mountains near Kangerlussuaq, Greenland\n\n📍 STEP 2: HUNTER\nLocal hunter harvests animal for meat (primary purpose)\nSells hide to Grevilliot\n\n📍 STEP 3: PROCESSING\nWool removed from hide\nOnly in coldest part of winter (2-month window)\nLimited by sustainable quotas\n\n📍 STEP 4: SPINNING (only external step)\nShipped out for spinning (no facility in Greenland)\nReturned as yarn\n\n📍 STEP 5: KNITTING\nKnitted by local artisans\nMia knows who made it\n\n📍 STEP 6: SALE\nSold with complete story\nOften for special occasions\nNo impulse buys from locals\n\n📍 STEP 7: REPAIR (when needed)\n\"The person who made the garment is probably the best in the world to repair it. You just come back and they fix it.\"\n\n📍 STEP 8: MEANING\n\"Your scarf is not just a scarf. It's a bit of a history, a culture, and tradition. And a meal.\" — Lise Lotte\n\nTHIS IS WHAT COMPLETE TRACEABILITY LOOKS LIKE.\n\n✅ Every material from local hunter\n✅ Every maker known personally\n✅ Every step understood\n✅ Every product tells a story\n✅ Every purchase supports community\n\nCompare to conventional fashion:\n❌ Unknown makers\n❌ Multi-country supply chains\n❌ Opaque processes\n❌ No repair options\n❌ Anonymous transactions\n\nGrevilliot shows what's possible when:\nKnowledge + Materials + Community = Interconnected\n\nLearn more at #NordicCircularSummit\n\n#Grevilliot #Greenland #SustainableFashion #Traceability #CircularEconomy #LocalProduction #MuskOx #InuitTraditions #ArcticWisdom #ZeroWaste #SlowFashion #Nuuk",
    "hashtags": ["#Grevilliot", "#Greenland", "#SustainableFashion", "#Traceability", "#CircularEconomy", "#LocalProduction", "#MuskOx", "#InuitTraditions", "#ArcticWisdom", "#ZeroWaste", "#SlowFashion", "#Nuuk"],
    "speaker": "Mia Chemnitz & Lise Lotte",
    "theme": "Product Journey Storytelling",
    "character_count": 1552,
    "media_suggestion": "Carousel showing each step with photos",
    "call_to_action": "Save & share",
    "language": "english"
  },
  {
    "id": "s4-li-006",
    "platform": "linkedin",
    "session": "arctic-nordic-lifestyles",
    "date": "2025-11-19",
    "post_type": "case_study",
    "title": "Royal Greenland: Reintroducing What Was Never Forgotten",
    "content": "🐟 ROYAL GREENLAND: 300 Years of Evolution\n\nKristian Ottesen's journey is a powerful case study in circular transformation:\n\n📍 BACKGROUND:\n• Danish national working in Greenland\n• Previously: textiles in China (trying to make industry sustainable)\n• Then: seaweed cultivation\n• Now: waste stream valorization at Royal Greenland\n\nTHE PARADOX:\n\n**\"This has been done for centuries before we or I came along, but now we are reintroducing it.\"**\n\nWhat happened?\n\n🏭 INDUSTRIALIZATION PHASE:\n• Efficiency prioritized over tradition\n• Circular practices abandoned\n• Waste streams created\n• Knowledge forgotten\n\n🔄 REINTRODUCTION PHASE (NOW):\n• Recognizing cultural wisdom\n• **\"Waste not, have not, want not\"** culturally embedded\n• Easy to reintroduce because culture remembers\n• Side streams becoming revenue streams\n\n🌍 THE INFRASTRUCTURE:\n• **38 outposts** throughout Greenland\n• **Sole employer** in smallest settlements\n• Sometimes \"just three people and a freezer\"\n• Connecting tiny communities to global markets\n\n**\"Even the smallest settlements in Greenland have actually a global market reach in a way. So it's kind of beautiful.\"**\n\nTHE LEARNING:\n\n**\"We don't have to reinvent the wheel. We have to listen and learn from the history and then just reinstate some of the practices.\"**\n\nThis is the pattern:\n\n1️⃣ Traditional societies practiced circularity (necessity)\n2️⃣ Industrialization = abandoning circular practices\n3️⃣ Current moment = \"innovation\" = reintroducing what was lost\n\nThe \"innovations\" we celebrate—waste valorization, resource efficiency, local production—are often just re-learning what traditional societies never forgot.\n\nKristian's role as an outsider who learns, respects, and helps reintroduce is a model for circular transformation everywhere.\n\nHumility + Cultural respect + Systems thinking = Real change\n\nWhat traditional practices has your industry forgotten that need reintroducing?\n\n#CircularEconomy #RoyalGreenland #Greenland #TraditionalKnowledge #OrganizationalTransformation #Seafood #WasteToValue #CulturalWisdom #NordicCircularSummit",
    "hashtags": ["#CircularEconomy", "#RoyalGreenland", "#Greenland", "#TraditionalKnowledge", "#OrganizationalTransformation", "#Seafood", "#WasteToValue", "#CulturalWisdom", "#NordicCircularSummit"],
    "speaker": "Kristian Ottesen",
    "theme": "Corporate Transformation",
    "character_count": 1951,
    "media_suggestion": "Timeline showing Royal Greenland's evolution",
    "call_to_action": "Reflect on forgotten practices",
    "language": "english"
  },
  {
    "id": "s4-tw-005",
    "platform": "twitter",
    "session": "arctic-nordic-lifestyles",
    "date": "2025-11-19",
    "post_type": "insight",
    "title": "Nordic-Baltic Collaboration",
    "content": "\"Not one country can figure out the textile circular system.\"\n\n— Kalli Kent, Nordic Baltic Textile Transition Group\n\nNordics consume textiles.\nBaltics receive the used textiles.\n\nSolution? Collaborate.\n\nRegional thinking > national thinking.\n\n#CircularTextiles",
    "hashtags": ["#CircularTextiles"],
    "speaker": "Kalli Kent",
    "theme": "Regional Collaboration",
    "character_count": 274,
    "media_suggestion": "Map showing Nordic-Baltic textile flows",
    "call_to_action": "Share",
    "language": "english"
  },
  {
    "id": "s4-li-007",
    "platform": "linkedin",
    "session": "arctic-nordic-lifestyles",
    "date": "2025-11-19",
    "post_type": "actionable_insight",
    "title": "DPP Implementation: Local Manufacturing Advantage",
    "content": "📱 DIGITAL PRODUCT PASSPORT: The Local Manufacturing Advantage\n\nTilda Larsson from AB Ludwig Svensson (Sweden, founded 1887) revealed a crucial insight about DPP implementation:\n\n**THE CHALLENGE FOR MOST COMPANIES:**\n\n\"When I discussed with other companies in the project they told me about their supply chains and how many steps they need to go back in the supply chain to get information.\"\n\nMulti-tier global supply chains:\n• Fiber grown (Country A)\n• Yarn spun (Country B)\n• Fabric woven (Country C)\n• Garment sewn (Country D)\n• Finishing (Country E)\n• Distribution (Country F)\n\nGetting data? Nightmare. 😰\n\n**THE ADVANTAGE FOR LUDWIG SVENSSON:**\n\n\"I can contact all the departments here and I can receive the information very easy and very quick.\"\n\nFull production in-house:\n✅ Yarn dyeing\n✅ Warping\n✅ Weaving\n✅ Knitting\n✅ Finishing\n✅ Piece dyeing\n\nAll under one roof since 1887.\n\nTHE BUSINESS CASE:\n\n🎯 DPP becomes **mandatory for EU market access by 2030**\n\n🏆 Companies with:\n• Local/regional production\n• Integrated supply chains\n• Direct supplier relationships\n...will find compliance FAR easier\n\n⚠️ Companies with:\n• Long global supply chains\n• Multi-tier suppliers\n• Opaque processes\n...will struggle and spend more\n\n**Compliance becomes competitive advantage.**\n\nAs Gisle Mariani Mardal (NFTA, Norway) explained:\n\n**\"Not having control is expensive. Once you have control, it's easier to cost cut.\"**\n\nTHE STRATEGIC IMPLICATIONS:\n\n1️⃣ Reshoring becomes more economically viable\n2️⃣ Local suppliers gain advantage\n3️⃣ Transparency = premium pricing opportunity\n4️⃣ Supply chain complexity = hidden DPP cost\n5️⃣ Control = resilience + compliance + cost savings\n\nTilda's vision:\n\n**\"It should not be hard to be sustainable, to make sustainable choices. It should be easy for you to do that, easy to do right.\"**\n\nDPP isn't just regulation.\n\nIt's a restructuring force for global supply chains.\n\nAnd local manufacturing just became a lot more attractive.\n\nIs your organization ready for mandatory DPP?\n\n#DigitalProductPassport #DPP #ESPR #SupplyChain #LocalManufacturing #Reshoring #Sustainability #TextileIndustry #CircularEconomy #Compliance",
    "hashtags": ["#DigitalProductPassport", "#DPP", "#ESPR", "#SupplyChain", "#LocalManufacturing", "#Reshoring", "#Sustainability", "#TextileIndustry", "#CircularEconomy", "#Compliance"],
    "speaker": "Tilda Larsson & Gisle Mariani Mardal",
    "theme": "DPP Strategic Implications",
    "character_count": 2250,
    "media_suggestion": "Infographic contrasting local vs. global supply chain DPP complexity",
    "call_to_action": "Assess your readiness",
    "language": "english"
  }
]
