[
  {
    "id": "day1-summary-linkedin-1",
    "platform": "linkedin",
    "type": "thought_leadership",
    "primaryTheme": "trust_infrastructure",
    "content": "\"Trust is the infrastructure of Greenland\" \ud83c\udf0d\n\nThis powerful insight from Edvard Lybert M\u00f8rk at Nordic Circular Summit opened Day 1 and became a defining theme.\n\nIn regions with sparse populations and vast distances, conventional infrastructure has limitations. But trust serves as invisible infrastructure enabling:\n\n\u2713 Collaboration across stakeholders\n\u2713 Long-term thinking without immediate returns\n\u2713 Experimentation with new circular models\n\u2713 Transparency about challenges\n\u2713 Shared commitment to place-based solutions\n\nMayor Malene Vahl Rasmussen demonstrated this perfectly, sharing how Kommune Kujalleq is building local partnerships with hunters, fishermen, and farmers to keep value circulating in the community.\n\nThe question for circular economy practitioners: Are we investing as much in building trust infrastructure as we are in physical infrastructure?\n\nRegions rich in social capital but constrained in financial resources may actually be better positioned for circular transitions than trust-poor wealthy societies.\n\n#CircularEconomy #NordicCircularSummit #SocialCapital #Greenland #TrustInfrastructure #SustainableTransformation\n\n\ud83d\udd17 Learn more: nordic-circular-summit-2025.com",
    "hashtags": [
      "#CircularEconomy",
      "#NordicCircularSummit",
      "#SocialCapital",
      "#Greenland",
      "#TrustInfrastructure",
      "#SustainableTransformation"
    ],
    "mentions": [
      "Edvard Lybert M\u00f8rk",
      "Malene Vahl Rasmussen"
    ],
    "callToAction": "Learn more at nordic-circular-summit-2025.com",
    "imageDescription": "Suggested: Panel discussion with speakers, or Greenland landscape with community gathering",
    "estimatedReach": "Medium-High",
    "targetAudience": "Circular economy professionals, sustainability consultants, regional development leaders"
  },
  {
    "id": "day1-summary-linkedin-2",
    "platform": "linkedin",
    "type": "profile_spotlight",
    "primaryTheme": "youth_leadership",
    "content": "Meet Greenland's Youngest Mayor \ud83c\udf1f\n\nMalene Vahl Rasmussen, 30, was elected Mayor of Kommune Kujalleq in May 2025, representing the Demokratiet party.\n\nIn just 6 months, she's implementing powerful circular economy principles at the municipal level:\n\n\ud83e\udd6c LOCAL FOOD SYSTEMS: Partnering with hunters, fishermen, and sheep farmers to supply kindergartens and elder homes with Greenlandic food instead of imported European food\n\n\ud83c\udf31 CULTURAL EDUCATION: Creating kindergarten gardens where children learn to grow food, and inviting hunters to schools to teach traditional food preparation\n\n\u26cf\ufe0f MINING NEGOTIATIONS: Proactively negotiating with mining companies to ensure community benefits, infrastructure improvements, and youth inclusion in decision-making\n\n\ud83d\udc65 YOUTH VOICE: Signed agreement with Negusa to systematically include young people in municipal political processes\n\nHer philosophy? \"Being poor makes us think different.\"\n\nEconomic constraints become catalysts for circular innovation. When you cannot afford imports, you develop local solutions. When external models don't fit, you honor local culture.\n\nAt Nordic Circular Summit, Malene issued a powerful invitation: \"The real thing is on the coast. So I hope you'll visit.\"\n\nShe's seeking friendship municipalities\u2014Nordic mayors willing to partner around natural resources, tourism, and mining challenges.\n\nThis is what circular economy implementation looks like. \ud83d\udcaa\n\n#CircularEconomy #YoungLeaders #Greenland #MunicipalAction #SustainabilityLeadership #IndigenousKnowledge #PlaceBasedSolutions\n\n\ud83d\udccd Kommune Kujalleq, South Greenland",
    "hashtags": [
      "#CircularEconomy",
      "#YoungLeaders",
      "#Greenland",
      "#MunicipalAction",
      "#SustainabilityLeadership",
      "#IndigenousKnowledge",
      "#PlaceBasedSolutions"
    ],
    "mentions": [
      "Malene Vahl Rasmussen",
      "Kommune Kujalleq"
    ],
    "callToAction": "Nordic mayors: Interested in friendship municipality partnership? Reach out.",
    "imageDescription": "Suggested: Photo of Malene Vahl Rasmussen, or Split image of traditional hunting/fishing and modern municipal building",
    "estimatedReach": "High",
    "targetAudience": "Municipal leaders, youth in sustainability, policy makers, circular economy practitioners"
  },
  {
    "id": "day1-summary-linkedin-3",
    "platform": "linkedin",
    "type": "insight_synthesis",
    "primaryTheme": "quality_of_life",
    "content": "What's the ultimate purpose of circular economy? \ud83c\udfaf\n\nMarthe Haugland from Nordic Innovation cut through the complexity with a simple question at today's summit closing:\n\n\"Quality of life. That is why we're doing circular economy, isn't it? Because to improve quality of life.\"\n\nThis reframe matters.\n\nToo often, sustainability work gets lost in:\n\u274c Material flow metrics\n\u274c Technical optimization\n\u274c Carbon calculations\n\u274c Efficiency measures\n\u274c Business model innovation\n\nWhile these tools are important, they aren't the purpose. They're means to an end.\n\nQuality of life includes:\n\u2705 Physical health and nutritious food\n\u2705 Meaningful work and economic security\n\u2705 Strong communities and social connections\n\u2705 Cultural vitality and identity preservation\n\u2705 Clean environment and ecological health\n\u2705 Safety and opportunity for future generations\n\nMalene Vahl Rasmussen, Mayor of Kommune Kujalleq, demonstrated this perfectly. Her municipal circular economy initiatives aren't primarily about carbon reduction\u2014they're about:\n\n\ud83c\udf7d\ufe0f Children's health through better kindergarten food\n\ud83c\udfa3 Local employment for hunters and fishermen\n\ud83c\udf3e Cultural connection through traditional food practices\n\ud83c\udfd8\ufe0f Community prosperity through value retention\n\nMarthe also noted a critical shift: \"Perhaps we've moved a little bit into implementation.\"\n\nAfter years of planning and tool development, Nordic Circular Summit is showcasing concrete business cases where circular collaboration creates actual value and improves actual lives.\n\nThis is the maturation we need: from vision to action, from metrics to meaning, from efficiency to flourishing.\n\n#CircularEconomy #QualityOfLife #SustainabilityPurpose #NordicCircularSummit #Implementation #WellbeingEconomy #PeopleFirst\n\n\ud83d\udcad What does quality of life mean in your circular economy work?",
    "hashtags": [
      "#CircularEconomy",
      "#QualityOfLife",
      "#SustainabilityPurpose",
      "#NordicCircularSummit",
      "#Implementation",
      "#WellbeingEconomy",
      "#PeopleFirst"
    ],
    "mentions": [
      "Marthe Haugland",
      "Nordic Innovation",
      "Malene Vahl Rasmussen"
    ],
    "callToAction": "What does quality of life mean in your circular economy work? Share in comments.",
    "imageDescription": "Suggested: Community gathering or family meal scene, or infographic showing quality of life dimensions",
    "estimatedReach": "High",
    "targetAudience": "Sustainability professionals, impact investors, policy makers, circular economy thought leaders"
  },
  {
    "id": "day1-summary-twitter-1",
    "platform": "twitter",
    "type": "quote_highlight",
    "primaryTheme": "side_stream_superfood",
    "content": "Business insight from #NordicCircularSummit in 3 words:\n\n\"Side stream superfood\" \ud83d\udc1f\u2728\n\nTurn your byproducts into premium products.\n\nThat's circular economy value creation.\n\n\u2014 Edvard Lybert M\u00f8rk, @NalekVentures\n\n#CircularEconomy #BusinessModel #Greenland #Innovation",
    "hashtags": [
      "#NordicCircularSummit",
      "#CircularEconomy",
      "#BusinessModel",
      "#Greenland",
      "#Innovation"
    ],
    "mentions": [
      "@NalekVentures"
    ],
    "callToAction": "Implicit - inspiring business model thinking",
    "imageDescription": "Suggested: Fish processing with premium product packaging, or quote graphic",
    "estimatedReach": "Medium",
    "characterCount": 224,
    "targetAudience": "Entrepreneurs, circular business leaders, food industry professionals"
  },
  {
    "id": "day1-summary-twitter-2",
    "platform": "twitter",
    "type": "cultural_insight",
    "primaryTheme": "inuit_mindset",
    "content": "\"Inuit mindset are very aligned with circular economy way of thinking\" \n\nIndigenous knowledge \u2260 historical artifact\nIndigenous knowledge = contemporary strategic asset\n\nTraditional practices contain sophisticated circular principles developed over millennia.\n\n\u2014 #NordicCircularSummit Day 1 closing\n\n#IndigenousKnowledge #CircularEconomy #Greenland",
    "hashtags": [
      "#NordicCircularSummit",
      "#IndigenousKnowledge",
      "#CircularEconomy",
      "#Greenland"
    ],
    "mentions": [],
    "callToAction": "Implicit - reframing Indigenous knowledge",
    "imageDescription": "Suggested: Traditional Inuit practices or cultural gathering, with modern circular economy diagram overlay",
    "estimatedReach": "Medium-High",
    "characterCount": 280,
    "targetAudience": "Sustainability professionals, Indigenous rights advocates, cultural preservation leaders"
  },
  {
    "id": "day1-summary-twitter-3",
    "platform": "twitter",
    "type": "leader_spotlight",
    "primaryTheme": "youth_leadership",
    "content": "Meet Malene Vahl Rasmussen:\n\n\u2728 30 years old\n\u2728 Youngest mayor in Greenland\n\u2728 Elected May 2025\n\u2728 Kommune Kujalleq, South Greenland\n\nImplementing circular economy through:\n\ud83e\udd6c Local food partnerships\n\ud83c\udf31 Kindergarten gardens\n\u26cf\ufe0f Mining benefit negotiations\n\ud83d\udc65 Youth inclusion agreements\n\n\"Being poor makes us think different\"\n\n#Greenland #CircularEconomy",
    "hashtags": [
      "#Greenland",
      "#CircularEconomy",
      "#NordicCircularSummit",
      "#YoungLeaders",
      "#MunicipalAction"
    ],
    "mentions": [],
    "callToAction": "Implicit - inspiring municipal action",
    "imageDescription": "Suggested: Photo of Malene Vahl Rasmussen with bullet points, or Greenland landscape with statistics overlay",
    "estimatedReach": "High",
    "characterCount": 278,
    "targetAudience": "Young leaders, municipal officials, sustainability practitioners"
  },
  {
    "id": "day1-summary-twitter-4",
    "platform": "twitter",
    "type": "action_call",
    "primaryTheme": "implementation_focus",
    "content": "Shift at #NordicCircularSummit Day 1:\n\n\"Perhaps we've moved a little bit into implementation\"\n\u2014 @NordicInnovatio\n\nFrom:\n\u274c More planning\n\u274c More strategies  \n\u274c More frameworks\n\u274c More conferences\n\nTo:\n\u2705 Concrete action\n\u2705 Real business cases\n\u2705 Measurable impact\n\u2705 Municipal implementation\n\nTime to DO. \ud83d\udcaa\n\n#CircularEconomy #Implementation #ActionNotWords",
    "hashtags": [
      "#NordicCircularSummit",
      "#CircularEconomy",
      "#Implementation",
      "#ActionNotWords"
    ],
    "mentions": [
      "@NordicInnovatio"
    ],
    "callToAction": "Time to DO",
    "imageDescription": "Suggested: Before/after visual showing planning documents vs. real projects, or action-oriented graphic",
    "estimatedReach": "Medium-High",
    "characterCount": 279,
    "targetAudience": "Sustainability professionals tired of planning, action-oriented practitioners"
  },
  {
    "id": "day1-summary-instagram-1",
    "platform": "instagram",
    "type": "carousel_story",
    "primaryTheme": "invitation_rural_greenland",
    "content": "\"The real thing is on the coast. So I hope you'll visit.\" \ud83c\udf0a\u2744\ufe0f\n\nMayor Malene Vahl Rasmussen invited #NordicCircularSummit participants to experience rural Greenland beyond Nuuk.\n\nHere's why it matters:\n\n\ud83d\udccd SLIDE 1: This is not all of Greenland\nNuuk \u2260 the rest of Greenland. Coastal communities hold knowledge that capital cities cannot teach.\n\n\ud83c\udfa3 SLIDE 2: Circular economy is daily life\nHunters, fishermen, and farmers practice complete resource utilization\u2014not as theory but as survival.\n\n\ud83c\udf3e SLIDE 3: Small scale = big impact\n\"When we take action, it actually can be measured very fast on how it affects the local communities because we are so isolated.\"\n\n\ud83d\udcaa SLIDE 4: Economic constraints drive innovation\n\"Being poor makes us think different.\" When you cannot import solutions, you develop local ones.\n\n\ud83e\udd1d SLIDE 5: Friendship municipality invitation\nNordic mayors: Partner with Kommune Kujalleq around natural resources, tourism, mining.\n\nCircular economy isn't conference topic. It's lived reality.\n\nVisit the coast. Learn from communities. Build real partnerships.\n\n#Greenland #CircularEconomy #PlaceBasedSolutions #IndigenousKnowledge #ArcticInnovation #RuralDevelopment #SustainabilityInAction #KommuneKujalleq\n\n\ud83d\udcf8 Tag us in your Greenland coastal visits",
    "hashtags": [
      "#Greenland",
      "#CircularEconomy",
      "#PlaceBasedSolutions",
      "#IndigenousKnowledge",
      "#ArcticInnovation",
      "#RuralDevelopment",
      "#SustainabilityInAction",
      "#KommuneKujalleq",
      "#NordicCircularSummit"
    ],
    "mentions": [
      "Malene Vahl Rasmussen",
      "Kommune Kujalleq"
    ],
    "callToAction": "Tag us in your Greenland coastal visits",
    "imageDescription": "5-slide carousel: 1) Greenland coastal landscape, 2) Traditional hunting/fishing scene, 3) Small community gathering, 4) Local food/kindergarten garden, 5) Map of Kommune Kujalleq with invitation text",
    "estimatedReach": "Medium",
    "targetAudience": "Sustainability enthusiasts, travel-minded professionals, cultural learners"
  },
  {
    "id": "day1-summary-instagram-2",
    "platform": "instagram",
    "type": "inspirational_visual",
    "primaryTheme": "quality_of_life",
    "content": "Why are we doing circular economy? \ud83c\udfaf\n\nQuality of life.\n\nThat's it. That's the purpose. \u2728\n\n\ud83e\udd57 Healthier food for children\n\ud83d\udcbc Meaningful work for communities\n\ud83e\udd1d Stronger social connections\n\ud83c\udf0d Cultural vitality preserved\n\ud83c\udf31 Clean environment for futures\n\ud83d\udc68\u200d\ud83d\udc69\u200d\ud83d\udc67\u200d\ud83d\udc66 Safety & opportunity for generations\n\nAt #NordicCircularSummit in Nuuk, Greenland, leaders reminded us:\n\nCircular economy isn't about metrics.\nIt's about people.\nIt's about life.\nIt's about thriving.\n\nIn Kommune Kujalleq, South Greenland:\n\u2192 Kindergartens partner with local hunters for traditional food\n\u2192 Children learn to grow food in school gardens  \n\u2192 Youth have voice in mining negotiations\n\u2192 Money stays in community, creating jobs\n\nThis is what circular economy looks like when it serves quality of life. \ud83d\udc9a\n\n\"Life is lived in municipalities. So that's where you need to have the solutions.\" \u2014 Marthe Haugland, @nordicinnovation\n\n#CircularEconomy #QualityOfLife #Greenland #SustainabilityWithPurpose #PeopleFirst #CommunityProsperity #WellbeingEconomy #MunicipalAction #ArcticSustainability\n\n\ud83d\udcad What does quality of life mean to you?",
    "hashtags": [
      "#CircularEconomy",
      "#QualityOfLife",
      "#Greenland",
      "#SustainabilityWithPurpose",
      "#PeopleFirst",
      "#CommunityProsperity",
      "#WellbeingEconomy",
      "#MunicipalAction",
      "#ArcticSustainability",
      "#NordicCircularSummit"
    ],
    "mentions": [
      "@nordicinnovation",
      "Marthe Haugland",
      "Kommune Kujalleq"
    ],
    "callToAction": "What does quality of life mean to you? Share in comments.",
    "imageDescription": "Beautiful family or community meal scene in Greenland, or children in kindergarten garden, with quality of life dimensions overlay text",
    "estimatedReach": "Medium-High",
    "targetAudience": "Wellness-focused audience, sustainability beginners, family-oriented followers"
  },
  {
    "id": "day1-summary-facebook-1",
    "platform": "facebook",
    "type": "event_recap",
    "primaryTheme": "day1_summary",
    "content": "Day 1 Closing: Nordic Circular Summit 2025 in Nuuk, Greenland \ud83c\udf0d\u2744\ufe0f\n\nWhat a powerful way to close the first day! Three incredible speakers shared reflections on circular economy implementation in the Arctic:\n\n\ud83c\udfa4 SPEAKERS:\n\u2022 Malene Vahl Rasmussen - Mayor of Kommune Kujalleq (Greenland's youngest mayor at 30!)\n\u2022 Edvard Lybert M\u00f8rk - Nalek Ventures (Business perspective)\n\u2022 Marthe Haugland - Nordic Innovation (Regional collaboration)\n\nModerated by Cathrine Barth and Einar Kleppe Holthe from Nordic Circular Hotspot\n\n\ud83d\udca1 KEY INSIGHTS:\n\n1\ufe0f\u20e3 TRUST IS INFRASTRUCTURE\n\"Trust is the infrastructure of Greenland\" \u2014 In small communities, social capital enables circular economy collaboration in ways that physical infrastructure cannot.\n\n2\ufe0f\u20e3 SIDE STREAM SUPERFOOD\nBusiness opportunity: Turn byproducts and \"waste\" into premium products. Create value from what others discard.\n\n3\ufe0f\u20e3 QUALITY OF LIFE PURPOSE\n\"That is why we're doing circular economy, isn't it? Because to improve quality of life.\" \u2014 Remember the ultimate goal.\n\n4\ufe0f\u20e3 MUNICIPAL IMPLEMENTATION\nMalene is implementing powerful circular principles:\n\u2192 Local food partnerships with hunters & fishermen\n\u2192 Kindergarten gardens for food education\n\u2192 Youth inclusion in political decisions\n\u2192 Mining negotiations for community benefits\n\u2192 Value retention strategies\n\n5\ufe0f\u20e3 INUIT MINDSET ALIGNMENT\n\"Inuit mindset are very aligned with circular economy way of thinking\" \u2014 Traditional practices contain sophisticated circular principles.\n\n6\ufe0f\u20e3 IMPLEMENTATION SHIFT\n\"Perhaps we've moved a little bit into implementation\" \u2014 From planning to action. From vision to results.\n\n7\ufe0f\u20e3 PLACE-BASED SOLUTIONS\n\"Life is lived in municipalities. So that's where you need to have the solutions\" \u2014 Local context matters deeply.\n\n\ud83e\udd1d INVITATION:\n\"The real thing is on the coast. So I hope you'll visit.\" \u2014 Mayor Malene invites partnerships with Nordic municipalities around natural resources, tourism, and mining challenges.\n\nShe's seeking \"friendship municipalities\" for ongoing collaboration and learning exchange.\n\n\ud83d\udccd WHAT'S NEXT:\nDay 2 is an implementation workday with concrete projects, dialogues, and conversations in Nuuk to apply these learnings.\n\n\ud83d\udcad The Arctic-Nordic-Baltic journey continues:\n\u2192 Respect for deep cultures\n\u2192 Focus on implementation\n\u2192 Quality of life as north star\n\u2192 Trust as foundation\n\u2192 Action over conferences\n\n\"Being poor makes us think different\" \u2014 Malene Vahl Rasmussen\n\nThis reframe of constraint as catalyst for innovation captures the spirit of Day 1. \ud83d\udcaa\n\n#NordicCircularSummit #CircularEconomy #Greenland #Sustainability #ArcticInnovation #MunicipalAction #QualityOfLife #IndigenousKnowledge #Implementation #ClimateAction\n\n\ud83d\udd17 Learn more: nordic-circular-summit-2025.com\n\n\ud83d\udcf8 Photos: Panel discussion in Nuuk | Would you visit rural Greenland to learn from coastal communities? Tell us in the comments!",
    "hashtags": [
      "#NordicCircularSummit",
      "#CircularEconomy",
      "#Greenland",
      "#Sustainability",
      "#ArcticInnovation",
      "#MunicipalAction",
      "#QualityOfLife",
      "#IndigenousKnowledge",
      "#Implementation",
      "#ClimateAction"
    ],
    "mentions": [
      "Nordic Circular Hotspot",
      "Malene Vahl Rasmussen",
      "Edvard Lybert M\u00f8rk",
      "Marthe Haugland",
      "Nordic Innovation",
      "Nalek Ventures"
    ],
    "callToAction": "Would you visit rural Greenland to learn from coastal communities? Tell us in the comments! Learn more at nordic-circular-summit-2025.com",
    "imageDescription": "Photo album: 1) Panel discussion with all speakers, 2) Mayor Malene speaking, 3) Nuuk landscape, 4) Traditional Greenlandic food/hunting scene, 5) Quote graphic with key takeaways",
    "estimatedReach": "Medium",
    "targetAudience": "General sustainability-interested audience, community members, event followers"
  }
]